{
    "default_model": "realisticStockPhoto_v20.safetensors",
    "default_refiner": "",
    "default_refiner_switch": 0.5,
    "default_loras": [
        [
            "SDXL_FILM_PHOTOGRAPHY_STYLE_BetaV0.4.safetensors",
            0.25
        ],
        [
            "None",
            1.0
        ],
        [
            "None",
            1.0
        ],
        [
            "None",
            1.0
        ],
        [
            "None",
            1.0
        ]
    ],
    "default_cfg_scale": 3.0,
    "default_sample_sharpness": 2.0,
    "default_sampler": "dpmpp_2m_sde_gpu",
    "default_scheduler": "karras",
    "default_performance": "Speed",
    "default_prompt": "",
    "default_prompt_negative": "unrealistic, saturated, high contrast, big nose, painting, drawing, sketch, cartoon, anime, manga, render, CG, 3d, watermark, signature, label",
    "default_styles": [
        "Fooocus V2",
        "Fooocus Photograph",
        "Fooocus Negative"
    ],
    "default_aspect_ratio": "896*1152",
    "checkpoint_downloads": {
        "realisticStockPhoto_v20.safetensors": "https://huggingface.co/lllyasviel/fav_models/resolve/main/fav/realisticStockPhoto_v20.safetensors"
    },
    "embeddings_downloads": {},
    "lora_downloads": {
        "SDXL_FILM_PHOTOGRAPHY_STYLE_BetaV0.4.safetensors": "https://huggingface.co/lllyasviel/fav_models/resolve/main/fav/SDXL_FILM_PHOTOGRAPHY_STYLE_BetaV0.4.safetensors"
    },
    "previous_default_models": ["realisticStockPhoto_v10.safetensors"]
}